3b-craft	3B CRAFT
3d-tender	3D TENDER
abate	ABATE
ab-inflatables	AB INFLATABLES
absolute-yachts	ABSOLUTE YACHTS
ab-yachts	AB YACHTS
acm	ACM
acquaviva	ACQUAVIVA
adventure	ADVENTURE
aicon	AICON
airon-marine	AIRON MARINE
alalunga	ALALUNGA
albin-marine	ALBIN MARINE
al-custom	AL CUSTOM
alfastreet-marine	ALFASTREET
alliaura-marine	ALLIAURA MARINE
aloa	ALOA
alpa	ALPA
alson	ALSON
altamarea	ALTAMAREA
alubat	ALUBAT
alumarine	ALUMARINE
amel	AMEL
apreamare	APREAMARE
aquador	AQUADOR
aquanaut	AQUANAUT
aquila-yachts	AQUILA
archambault	ARCHAMBAULT
arcoa	ARCOA
arimar	ARIMAR
arno	ARNO
arvor	ARVOR
as-marine	AS MARINE
astinor	ASTINOR
astondoa	ASTONDOA
atlantic	ATLANTIC
atlantic-marine	ATLANTIC MARINE
aubin	AUBIN
austin-parker	AUSTIN PARKER
avar-yacht	AVAR YACHT
avon	AVON
axopar	AXOPAR
azimut	AZIMUT
b2-marine	B2 MARINE
baglietto	BAGLIETTO
baia	BAIA
baja	BAJA
bali-catamarans	BALI CATAMARANS
baltic-yachts	BALTIC YACHTS
barberis	BARBERIS
battifero	BATTIFERO
bavaria-yachts	BAVARIA
bayliner	BAYLINER
belliure	BELLIURE
beneteau	BENETEAU
benetti	BENETTI
bertram	BERTRAM
birchwood	BIRCHWOOD
black-pepper	BLACK PEPPER
bluegame	BLUEGAME
blu-martin	BLU MARTIN
bma-boats	BMA BOATS
bodrum-yachts	BODRUM YACHTS
boesch	BOESCH
bolero	BOLERO
bombard	BOMBARD
boston-whaler	BOSTON WHALER
brig	BRIG
broom	BROOM
bruce-roberts	BRUCE ROBERTS
bruno-abbate	BRUNO ABBATE
bsc	BSC
buster	BUSTER
bwa	BWA
caicco	CAICCO
camper-and-nicholson	CAMPER AND NICHOLSON
campion	CAMPION
camuffo	CAMUFFO
canados	CANADOS
cantiere-azzurro	CANTIERE AZZURRO
cantieri-di-donna	CANTIERI DI DONNA
cantieri-di-pisa	CANTIERI DI PISA
capelli	CAPELLI
carnevali	CARNEVALI
carter-boats	CARTER BOATS
carver-yachts	CARVER YACHTS
catalina-yachts	CATALINA YACHTS
catana	CATANA
catarsi	CATARSI
cayman-yachts	CAYMAN YACHTS
c-catamarans	C CATAMARANS
chantier-bertin	CHANTIER BERTIN
chaparral	CHAPARRAL
chassiron	CHASSIRON
cheoy-lee	CHEOY LEE
chris-craft	CHRIS CRAFT
cigarette	CIGARETTE
cnb	CNB
cnso	CNSO
cobalt-marine	COBALT BOATS
colombo	COLOMBO
colvic	COLVIC
colvic-craft	COLVIC CRAFT
comar	COMAR
comitti	COMITTI
conam	CONAM
contessa-yachts	CONTESSA YACHTS
contest-yachts	CONTEST YACHTS
cormorant	CORMORANT
cornish-crabber	CORNISH CRABBER
cranchi	CRANCHI
crestitalia	CRESTITALIA
crn	CRN
crownline	CROWNLINE
cruisers-yachts	CRUISERS YACHTS
cursus-voile-et-patrimoine	CURSUS VOILE ET PATRIMOINE
dalla-pieta	DALLA PIETA
dean	DEAN
de-antonio	DE ANTONIO
dehler	DEHLER
della-pasqua	DELLA PASQUA
delphia-yachts	DELPHIA YACHTS
delta	DELTA
delta-marine	DELTA MARINE
dipol	DIPOL
dominator	DOMINATOR
doral	DORAL
drago	DRAGO
dufour	DUFOUR
edel	EDEL
edge-water	EDGE WATER
eider-marine	EIDER MARINE
elan	ELAN
enterprise-marine	ENTERPRISE MARINE
eolo	EOLO
estensi	ESTENSI
etap-yachting	ETAP YACHTING
etchells	ETCHELLS
eurobanker	EUROBANKER
excel	EXCEL
excess	EXCESS
expression	EXPRESSION
faeton	FAETON
fairline	FAIRLINE
falcon	FALCON
farr-yacht-design	FARR YACHT DESIGN
fashion-yachts	FASHION YACHTS
ferretti	FERRETTI
fiart-mare	FIART MARE
fibramar	FIBRAMAR
fim	FIM
finnmaster	FINNMASTER
fipa-italiana-yachts	FIPA ITALIANA YACHTS
fisher-boats	FISHER YACHTS
fjord	FJORD
focchi	FOCCHI
formula	FORMULA
fountaine-pajot	FOUNTAINE PAJOT
four-winns	FOUR WINNS
franchini	FRANCHINI
frans-maas	FRANS MAAS
fratelli-aprea	FRATELLI APREA
frauscher	FRAUSCHER
fun-yak	FUN YAK
galeon	GALEON
galia	GALIA
gallart	GALLART
gemini-yachts	GEMINI
gianetti-yacht	GIANETTI YACHT
giorgi	GIORGI
glastron	GLASTRON
gobbi	GOBBI
gozzo-positano	GOZZO POSITANO
grady-white	GRADY WHITE
grand	GRAND
grand-banks	GRAND BANKS
grand-soleil	GRAND SOLEIL
greenline	GREENLINE
gulf-craft	GULF CRAFT
guy-couach	GUY COUACH
guy-marine	GUY MARINE
hallberg-rassy	HALLBERG RASSY
hanse-yachts	HANSE YACHTS
hardy-marine	HARDY MARINE
hatteras	HATTERAS
heaven	HEAVEN
heyday	HEYDAY
highfield	HIGHFIELD
hillyard	HILLYARD
honda	HONDA
hunter	HUNTER
hylas-yachts	HYLAS YACHTS
ilver	ILVER
innovazione-e-progetti	INNOVAZIONE E PROGETTI
intermare	INTERMARE
invictus	INVICTUS
island-gipsy	ISLAND GIPSY
island-packet	ISLAND PACKET
italcraft	ITALCRAFT
italia-yachts	ITALIA YACHTS
italmar	ITALMAR
itama	ITAMA
jaguar	JAGUAR
j-boats	J BOATS
j-composites	J COMPOSITES
jeanneau	JEANNEAU
joemarin-oy	JOEMARIN
johnson	JOHNSON
joker-boat	JOKER BOAT
jongert	JONGERT
judel-and-vrolijk	JUDEL AND VROLIJK
karnic	KARNIC
kelt	KELT
kha-shing	KHA SHING
kirie	KIRIE
kolibri	KOLIBRI
kolmarine	KOLMARINE
kufner-yachts	KUFNER
lagoon	LAGOON
larson	LARSON
latitude-46	LATITUDE 46
le-boat	LE BOAT
leisure	LEISURE
lema	LEMA
linder	LINDER
linssen	LINSSEN
lm	LM
lomac	LOMAC
luhrs	LUHRS
mac-gregor	MAC GREGOR
magazzu	MAGAZZU
mainship	MAINSHIP
maiora	MAIORA
mako	MAKO
mallard	MALLARD
mangusta	MANGUSTA
mano-marine	MANO MARINE
mar-co	MAR.CO
maree-haute	MAREE HAUTE
marinello	MARINELLO
mariner	MARINER
marlin-boat	MARLIN BOAT
marquis	MARQUIS
marshall	MARSHALL
master	MASTER
maxi-yachts	MAXI YACHTS
maxum	MAXUM
melges	MELGES
menorquin-yachts	MENORQUIN YACHTS
mery-nautic	MERY NAUTIC
meta	META
mimi	MIMI
mingolla	MINGOLLA
mitchell	MITCHELL
mochi-craft	MOCHI CRAFT
moggaro	MOGGARO
monte-carlo-yachts	MONTE CARLO YACHTS
monterey	MONTEREY
moody	MOODY
more-yachts	MORE YACHTS
mostes	MOSTES
myabca	MYABCA
najad	NAJAD
najadvarvet-ab	NAJADVARVET AB
narwhal	NARWHAL
nauticat	NAUTICAT
nautic-saintonge	NAUTIC SAINTONGE
nautique	NAUTIQUE
nautitech	NAUTITECH
nautor-swan	NAUTOR SWAN
navan	NAVAN
neel	NEEL
neptune	NEPTUNE
neptunus-yachts	NEPTUNUS YACHTS
nicols-yacht	NICOLS YACHT
nimbus	NIMBUS
nordic-tug	NORDIC TUG
nordkapp	NORDKAPP
nord-star	NORD STAR
northshore-yachts	NORTHSHORE YACHTS
northwind	NORTHWIND
nuova-jolly	NUOVA JOLLY
occhilupo-yacht-carbon	OCCHILUPO YACHT &amp; CARBON
ocean-star	OCEAN STAR
ocqueteau	OCQUETEAU
orkney	ORKNEY
outremer-catamarans	OUTREMER CATAMARANS
overmarine	OVERMARINE
oyster-marine	OYSTER MARINE
pacific-craft	PACIFIC CRAFT
pardo-yachts	PARDO YACHTS
parker	PARKER
patrone	PATRONE
pedro-boats	PEDRO BOATS
performance	PERFORMANCE
pershing	PERSHING
piantoni	PIANTONI
pirelli	PIRELLI
pogo-structures	POGO
poncin-yachts	PONCIN YACHTS
porter-and-haylett	PORTER AND HAYLETT
portofino-marine	PORTOFINO MARINE
poseidon	POSEIDON
posillipo	POSILLIPO
pouvreau	POUVREAU
president	PRESIDENT
prestige	PRESTIGE
princess-yachts	PRINCESS
privilege-marine	PRIVILEGE MARINE
prout	PROUT
prua-al-vento	PRUA AL VENTO
puma	PUMA
pursuit	PURSUIT
pyxis-yacht	PYXIS YACHT
quarken	QUARKEN
quicksilver	QUICKSILVER
quorning-boats	QUORNING BOATS
raffaelli	RAFFAELLI
rancraft	RANCRAFT
rand-boats	RAND BOATS
ranieri	RANIERI
regal	REGAL
rhea-marine	RHEA MARINE
ribeye	RIBEYE
rigiflex	RIGIFLEX
rinker	RINKER
rio	RIO
riva	RIVA
riviera	RIVIERA
rizzardi	RIZZARDI
rm-yachts	RM YACHTS
robalo	ROBALO
robertson-and-caine	ROBERTSON AND CAINE
rodman	RODMAN
roy-franck	ROY FRANCK
rpd	RPD
ruby-yachts	RUBY YACHTS
rych-boats	RYCH BOATS
ryck-yachts	RYCK YACHTS
sacs	SACS
sadler	SADLER
salona-yachts	SALONA YACHTS
salpa	SALPA
san-lorenzo	SAN LORENZO
sargo	SARGO
sarnico	SARNICO
sasga	SASGA
saver	SAVER
saxdor	SAXDOR
scarab	SCARAB
sciallino	SCIALLINO
sciarelli	SCIARELLI
scorpion	SCORPION
scout-boat	SCOUT BOAT
sea-doo	SEA DOO
sealine	SEALINE
sealver	SEALVER
seamaster	SEAMASTER
sea-ray	SEA RAY
sea-water	SEA WATER
segue	SEGUE
selene	SELENE
selva	SELVA
sessa-marine	SESSA MARINE
sette-mari	SETTE MARI
sigma-yachts	SIGMA YACHTS
silcar	SILCAR
sillinger	SILLINGER
silverton	SILVERTON
sir	SIR
solaris	SOLARIS
solaris-power	SOLARIS POWER
solcio-biondi	SOLCIO BIONDI
solemar	SOLEMAR
soto	SOTO
sparkman-and-stephens	SPARKMAN AND STEPHENS
starfisher	STARFISHER
st-boats	ST BOATS
stingray	STINGRAY
storebro	STOREBRO
sunreef-yachts	SUNREEF YACHTS
sunseeker	SUNSEEKER
sur-marine	SUR MARINE
sweden-yachts	SWEDEN YACHTS
ta-chiao	TA CHIAO
tecnomar	TECNOMAR
tecnomarine	TECNOMARINE
terhi	TERHI
tiara	TIARA
tiger-marine	TIGER MARINE
tornado	TORNADO
trader	TRADER
trident-marine	TRIDENT MARINE
trintella	TRINTELLA
tullio-abbate	TULLIO ABBATE
ultramar	ULTRAMAR
uniesse-marine	UNIESSE MARINE
valiant	VALIANT
vancouver	VANCOUVER
van-de-stadt	VAN DE STADT
versilcraft	VERSILCRAFT
viking	VIKING
viko-yachts	VIKO YACHTS
vindo	VINDO
vitech	VITECH
wally-yachts	WALLY
warrior-boats	WARRIOR BOATS
wauquiez	WAUQUIEZ
wellcraft	WELLCRAFT
westerly-marine	WESTERLY MARINE
whaly	WHALY
white-shark	WHITE SHARK
williams	WILLIAMS
williams-jet-tenders	WILLIAMS JET TENDERS
windy	WINDY
wrighton	WRIGHTON
x-yachts	X-YACHTS
yachting-france	YACHTING FRANCE
yamaha	YAMAHA
zar	ZAR
zeppelin	ZEPPELIN
zodiac	ZODIAC
zuanelli	ZUANELLI
